{
    "data": {
        "7": {
            "_x0": 80394,
            "_y0": 52739,
            "_x1": 88586,
            "_y1": 60931,
            "rMax": 19.184144079347806
        },
        "8": {
            "_x0": 80269,
            "_y0": 56704,
            "_x1": 84365,
            "_y1": 60800,
            "rMax": 20.655106103376667
        },
        "9": {
            "_x0": 80385,
            "_y0": 52741,
            "_x1": 88577,
            "_y1": 60933,
            "rMax": 16.338035666905437
        },
        "10": {
            "_x0": 80380,
            "_y0": 52743,
            "_x1": 88572,
            "_y1": 60935,
            "rMax": 8.48528137423857
        }
    }
}